Tiempo,NumeroJoints,G_parcial
11.520,6,227.147
11.525,6,4002.372
11.530,6,4047.499
11.535,6,4168.163
11.540,6,4354.045
11.545,6,4468.907
11.550,6,3736.785
11.555,6,3808.983
11.560,6,3788.542
11.565,6,3767.370
11.570,6,3745.466
11.575,6,3723.206
11.580,6,3701.272
11.585,6,3680.471
11.590,6,3661.523
11.595,6,3644.903
11.600,6,3596.379
11.605,6,3512.907
11.610,6,3105.103
11.615,6,3457.189
11.620,6,3434.814
11.625,6,3416.318
11.630,6,3400.428
11.635,6,3386.887
11.640,6,3375.427
11.645,6,3365.164
11.650,6,3356.496
11.655,6,3348.922
11.660,6,3341.999
11.665,6,3335.948
11.670,6,3269.293
11.675,6,3190.041
11.680,6,3180.772
11.685,6,3172.543
11.690,6,2906.905
11.695,6,2827.130
11.700,6,2799.479
11.705,6,2773.446
11.710,6,2081.835
11.715,6,2398.802
11.720,6,2412.051
11.725,6,2420.429
11.730,6,2415.278
11.735,6,2406.014
11.740,6,2390.534
11.745,6,2369.114
11.750,6,2343.036
11.755,6,2312.684
11.760,6,2278.971
11.765,6,2241.445
11.770,6,2201.196
11.775,6,2159.161
11.780,6,2115.239
11.785,6,2069.223
11.790,6,2022.673
11.795,6,1975.016
11.800,6,1926.985
11.805,6,1877.927
11.810,6,1829.327
11.815,6,1780.466
11.820,6,1731.743
11.825,6,1683.274
11.830,6,1635.171
11.835,6,1587.530
11.840,6,1540.428
11.845,6,1517.494
11.850,6,1549.867
11.855,6,1582.291
11.860,6,1613.274
11.865,6,1645.158
11.870,6,1675.867
11.875,6,1706.220
11.880,6,1735.845
11.885,6,1766.207
11.890,6,1794.643
11.895,6,1822.859
11.900,6,1851.660
11.905,6,1878.513
11.910,6,1905.667
11.915,6,1932.809
11.920,6,1958.248
11.925,6,1984.184
11.930,6,2009.365
11.935,6,2034.170
11.940,6,2061.981
11.945,6,2082.761
11.950,6,2109.345
11.955,6,2131.707
11.960,6,2154.630
11.965,6,2177.041
11.970,6,2199.405
11.975,6,2222.438
11.980,6,2245.146
11.985,6,2267.075
11.990,6,2289.275
11.995,6,2310.856
12.000,6,2332.095
12.005,6,2352.994
12.010,6,2368.118
12.015,6,2367.369
12.020,6,2366.775
12.025,6,2366.239
12.030,6,2365.739
12.035,6,2365.352
12.040,6,2221.208
12.045,6,1759.286
12.050,6,1785.031
12.055,6,1826.750
12.060,6,1951.170
12.065,6,1771.614
12.070,6,1751.161
12.075,6,1738.730
12.080,6,1730.016
12.085,6,1709.870
12.090,6,1695.422
12.095,6,1680.137
12.100,6,1666.747
12.105,6,1649.815
12.110,6,1632.221
12.115,6,1617.855
12.120,6,1603.045
12.125,6,1588.408
12.130,6,1573.902
12.135,6,1559.693
12.140,6,1545.438
12.145,6,1530.723
12.150,6,1517.111
12.155,6,1503.716
12.160,6,1461.774
12.165,6,1461.039
12.170,6,1473.463
12.175,6,1485.482
12.180,6,1493.007
12.185,6,1493.847
12.190,6,1501.555
12.195,6,1510.885
12.200,6,1520.798
12.205,6,1530.560
12.210,6,1540.268
12.215,6,1549.272
12.220,6,1558.094
12.225,6,1566.831
12.230,6,1575.489
12.235,6,1584.028
12.240,6,1592.417
12.245,6,1600.654
12.250,6,1608.737
12.255,6,1616.668
12.260,6,1624.449
12.265,6,1632.079
12.270,6,1639.556
12.275,6,1646.882
12.280,6,1654.055
12.285,6,1661.074
12.290,6,1667.938
12.295,6,1674.651
12.300,6,1681.210
12.305,6,1687.614
12.310,6,1693.863
12.315,6,1699.959
12.320,6,1705.896
12.325,6,1711.677
12.330,6,1717.309
12.335,6,1722.400
12.340,6,1714.560
12.345,6,1736.653
12.350,6,1740.722
12.355,6,1743.581
12.360,6,1737.355
12.365,6,1750.416
12.370,6,1756.607
12.375,6,1760.577
12.380,6,1764.514
12.385,6,1768.058
12.390,6,1772.095
12.395,6,1775.490
12.400,6,1778.998
12.405,6,1782.267
12.410,6,1785.360
12.415,6,1788.287
12.420,6,1791.057
12.425,6,1793.674
12.430,6,1796.137
12.435,6,1798.443
12.440,6,1800.590
12.445,6,1802.578
12.450,6,1804.413
12.455,6,1806.092
12.460,6,1807.613
12.465,6,1808.975
12.470,6,1810.181
12.475,6,1811.229
12.480,6,1812.120
12.485,6,1812.852
12.490,6,1813.426
12.495,6,1813.844
12.500,6,1814.106
12.505,6,1814.215
12.510,6,1814.172
12.515,6,1813.973
12.520,6,1813.617
12.525,6,2270.822
12.530,6,2504.847
12.535,6,2503.706
12.540,6,2502.932
12.545,6,2501.882
12.550,6,2501.523
12.555,6,2499.763
12.560,6,2497.322
12.565,6,2497.061
12.570,6,2495.662
12.575,6,2494.206
12.580,6,2492.679
12.585,6,2491.073
12.590,6,2489.390
12.595,6,2487.623
12.600,6,2485.773
12.605,6,1954.006
12.610,6,2406.203
12.615,6,2424.488
12.620,6,2432.585
12.625,6,2414.748
12.630,6,2357.328
12.635,6,2425.044
12.640,6,2427.443
12.645,6,2430.144
12.650,6,2433.299
12.655,6,2436.143
12.660,6,2438.922
12.665,6,2442.862
12.670,6,2442.492
12.675,6,1736.696
12.680,6,2459.000
12.685,6,2458.329
12.690,6,2457.482
12.695,6,2456.741
12.700,6,2456.016
12.705,6,2379.326
12.710,6,2262.355
12.715,6,2215.313
12.720,6,2169.378
12.725,6,2124.824
12.730,6,2081.366
12.735,6,2015.499
12.740,6,1669.072
12.745,6,1605.107
12.750,6,1526.589
12.755,6,1453.546
12.760,6,1384.611
12.765,6,1321.338
12.770,6,1261.984
12.775,6,1204.006
12.780,6,1150.138
12.785,6,1099.195
12.790,6,1052.651
12.795,6,1008.017
12.800,6,965.818
12.805,6,926.079
12.810,6,888.706
12.815,6,853.420
12.820,6,820.502
12.825,6,765.666
12.830,6,670.379
12.835,6,723.148
12.840,6,697.686
12.845,6,672.415
12.850,6,648.615
12.855,6,626.118
12.860,6,604.841
12.865,6,584.712
12.870,6,565.639
12.875,6,547.611
12.880,6,530.554
12.885,6,514.407
12.890,6,499.118
12.895,6,484.640
12.900,6,470.927
12.905,6,457.938
12.910,6,445.631
12.915,6,433.970
12.920,6,422.919
12.925,6,412.446
12.930,6,402.518
12.935,6,393.106
12.940,6,384.183
12.945,6,375.722
12.950,6,367.699
12.955,6,360.089
12.960,6,352.872
12.965,6,346.026
12.970,6,339.531
12.975,6,333.370
12.980,6,327.523
12.985,6,321.976
12.990,6,316.712
12.995,6,311.716
13.000,6,306.972
13.005,6,302.467
13.010,6,298.191
13.015,6,294.135
13.020,6,290.279
13.025,6,286.621
13.030,6,283.132
13.035,6,279.931
13.040,6,276.840
13.045,6,273.819
13.050,6,270.979
13.055,6,268.812
13.060,6,266.958
13.065,6,262.489
13.070,6,265.971
13.075,6,261.499
13.080,6,259.592
13.085,6,257.641
13.090,6,255.766
13.095,6,253.987
13.100,6,252.296
13.105,6,250.688
13.110,6,249.161
13.115,6,247.709
13.120,6,246.328
13.125,6,245.016
13.130,6,243.768
13.135,6,242.581
13.140,6,241.452
13.145,6,240.378
13.150,6,239.356
13.155,6,238.384
13.160,6,237.459
13.165,6,236.579
13.170,6,235.741
13.175,6,234.943
13.180,6,234.183
13.185,6,233.459
13.190,6,232.770
13.195,6,232.113
13.200,6,231.486
13.205,6,230.889
13.210,6,230.320
13.215,6,229.776
13.220,6,229.258
13.225,6,229.580
13.230,6,229.902
13.235,6,230.214
13.240,6,230.514
13.245,6,230.805
13.250,6,231.086
13.255,6,231.359
13.260,6,231.623
13.265,6,231.879
13.270,6,232.128
13.275,6,232.370
13.280,6,232.606
13.285,6,232.836
13.290,6,233.060
13.295,6,233.279
13.300,6,233.493
13.305,6,233.703
13.310,6,233.908
13.315,6,234.113
13.320,6,234.333
13.325,6,234.549
13.330,6,234.761
13.335,6,234.970
13.340,6,235.175
13.345,6,235.377
13.350,6,235.577
13.355,6,235.773
13.360,6,235.968
13.365,6,236.161
13.370,6,236.351
13.375,6,236.541
13.380,6,236.729
13.385,6,236.916
13.390,6,237.102
13.395,6,237.288
13.400,6,243.097
13.405,6,244.956
13.410,6,230.160
13.415,6,230.395
13.420,6,230.199
13.425,6,229.999
13.430,6,229.811
13.435,6,229.622
13.440,6,229.434
13.445,6,229.248
13.450,6,229.068
13.455,6,228.889
13.460,6,228.713
13.465,6,228.539
13.470,6,228.377
13.475,6,228.195
13.480,6,228.028
13.485,6,227.855
13.490,6,227.689
13.495,6,227.545
13.500,6,227.370
13.505,6,227.206
13.510,6,227.037
13.515,6,227.468
13.520,6,227.038
13.525,6,2226.508
13.530,6,2226.481
13.535,6,2226.255
13.540,6,2226.028
13.545,6,2225.976
13.550,6,2715.475
13.555,6,1808.346
13.560,6,883.554
13.565,6,851.611
13.570,6,820.180
13.575,6,792.147
13.580,6,765.464
13.585,6,737.310
13.590,6,711.211
13.595,6,685.347
13.600,6,681.523
13.605,6,644.622
13.610,6,629.150
13.615,6,609.043
13.620,6,590.012
13.625,6,571.212
13.630,6,555.272
13.635,6,538.995
13.640,6,523.628
13.645,6,508.992
13.650,6,495.098
13.655,6,481.882
13.660,6,469.316
13.665,6,457.367
13.670,6,446.005
13.675,6,435.202
13.680,6,425.836
13.685,6,414.116
13.690,6,406.879
13.695,6,396.916
13.700,6,388.611
13.705,6,380.641
13.710,6,373.057
13.715,6,365.848
13.720,6,358.994
13.725,6,352.478
13.730,6,346.283
13.735,6,340.394
13.740,6,334.795
13.745,6,329.472
13.750,6,324.412
13.755,6,319.601
13.760,6,315.027
13.765,6,310.679
13.770,6,306.546
13.775,6,302.616
13.780,6,298.880
13.785,6,295.327
13.790,6,291.950
13.795,6,288.739
13.800,6,285.687
13.805,6,282.784
13.810,6,280.024
13.815,6,277.400
13.820,6,274.905
13.825,6,272.533
13.830,6,270.277
13.835,6,268.132
13.840,6,266.092
13.845,6,264.152
13.850,6,262.307
13.855,6,260.552
13.860,6,258.884
13.865,6,257.297
13.870,6,255.787
13.875,6,254.351
13.880,6,252.985
13.885,6,251.686
13.890,6,250.450
13.895,6,249.274
13.900,6,248.156
13.905,6,247.091
13.910,6,246.078
13.915,6,245.115
13.920,6,244.197
13.925,6,243.324
13.930,6,242.494
13.935,6,242.029
13.940,6,240.615
13.945,6,240.644
13.950,6,239.452
13.955,6,238.883
13.960,6,238.270
13.965,6,237.682
13.970,6,237.121
13.975,6,236.587
13.980,6,236.079
13.985,6,235.594
13.990,6,235.132
13.995,6,234.692
14.000,6,234.272
14.005,6,233.872
14.010,6,233.490
14.015,6,233.126
14.020,6,232.779
14.025,6,232.448
14.030,6,232.132
14.035,6,231.830
14.040,6,231.542
14.045,6,231.267
14.050,6,231.005
14.055,6,230.754
14.060,6,230.514
14.065,6,230.285
14.070,6,230.066
14.075,6,229.856
14.080,6,229.655
14.085,6,229.464
14.090,6,229.280
14.095,6,229.104
14.100,6,228.936
14.105,6,228.774
14.110,6,228.619
14.115,6,228.471
14.120,6,228.328
14.125,6,228.192
14.130,6,228.060
14.135,6,227.934
14.140,6,227.813
14.145,6,227.696
14.150,6,227.584
14.155,6,227.476
14.160,6,227.371
14.165,6,227.271
14.170,6,227.174
14.175,6,227.081
14.180,6,226.991
14.185,6,226.921
14.190,6,226.914
14.195,6,226.908
14.200,6,226.906
14.205,6,226.905
14.210,6,226.907
14.215,6,226.910
14.220,6,226.916
14.225,6,226.923
14.230,6,226.933
14.235,6,226.944
14.240,6,226.956
14.245,6,226.971
14.250,6,226.987
14.255,6,227.004
14.260,6,227.023
14.265,6,227.043
14.270,6,227.065
14.275,6,227.088
14.280,6,227.112
14.285,6,227.137
14.290,6,227.164
14.295,6,227.191
14.300,6,227.220
14.305,6,227.250
14.310,6,227.281
14.315,6,227.313
14.320,6,227.346
14.325,6,227.380
14.330,6,227.415
14.335,6,227.451
14.340,6,227.487
14.345,6,227.525
14.350,6,227.564
14.355,6,227.603
14.360,6,227.644
14.365,6,227.684
14.370,6,227.725
14.375,6,227.768
14.380,6,227.812
14.385,6,227.857
14.390,6,227.903
14.395,6,227.949
14.400,6,227.996
14.405,6,228.043
14.410,6,228.089
14.415,6,228.304
14.420,6,228.183
14.425,6,228.219
14.430,6,228.264
14.435,6,228.290
14.440,6,228.755
14.445,6,228.470
14.450,6,228.470
14.455,6,258.358
14.460,6,281.971
14.465,6,255.538
14.470,6,254.704
14.475,6,256.028
14.480,6,255.027
14.485,6,254.910
14.490,6,247.436
14.495,6,253.560
14.500,6,248.229
14.505,6,249.197
14.510,6,248.642
14.515,6,249.590
14.520,6,244.387
14.525,6,3210.752
14.530,6,1630.849
14.535,6,1132.722
14.540,6,1126.083
14.545,6,1118.969
14.550,6,1112.527
14.555,6,1106.555
14.560,6,1100.811
14.565,6,1095.352
14.570,6,1090.163
14.575,6,1085.233
14.580,6,1080.553
14.585,6,1076.110
14.590,6,1071.887
14.595,6,1067.873
14.600,6,1064.063
14.605,6,1060.427
14.610,6,1056.980
14.615,6,1053.687
14.620,6,1049.449
14.625,6,1052.342
14.630,6,1048.931
14.635,6,1049.097
14.640,6,1045.660
14.645,6,1042.655
14.650,6,1040.537
14.655,6,1038.382
14.660,6,1036.332
14.665,6,1034.382
14.670,6,1032.530
14.675,6,1029.800
14.680,6,1027.832
14.685,6,1026.334
14.690,6,1024.850
14.695,6,1023.435
14.700,6,1023.734
14.705,6,1022.648
14.710,6,1021.449
14.715,6,1018.614
14.720,6,1019.291
14.725,6,1016.380
14.730,6,1015.288
14.735,6,1014.337
14.740,6,1013.428
14.745,6,1012.574
14.750,6,1011.752
14.755,6,1010.984
14.760,6,1009.863
14.765,6,1009.649
14.770,6,1008.907
14.775,6,1008.105
14.780,6,1007.575
14.785,6,1006.683
14.790,6,1021.913
14.795,6,1037.379
14.800,6,1041.216
14.805,6,1034.274
14.810,6,1025.215
14.815,6,1021.376
14.820,6,1287.567
14.825,6,1123.572
14.830,6,1121.141
14.835,6,1108.364
14.840,6,1109.505
14.845,6,1057.302
14.850,6,1077.010
14.855,6,1046.547
14.860,6,1046.874
14.865,6,1041.909
14.870,6,1345.649
14.875,6,1006.188
14.880,6,1006.010
14.885,6,1006.082
14.890,6,1006.604
14.895,6,1006.293
14.900,6,874.342
14.905,6,681.378
14.910,6,527.360
14.915,6,403.947
14.920,6,303.539
14.925,6,223.385
14.930,6,158.314
14.935,6,105.332
14.940,6,63.015
14.945,6,28.748
14.950,6,12.305
14.955,6,34.737
14.960,6,53.280
14.965,6,65.931
14.970,6,74.501
14.975,6,91.734
14.980,6,103.679
14.985,6,111.982
14.990,6,112.143
14.995,6,113.297
15.000,6,115.218
15.005,6,117.020
15.010,6,118.501
15.015,6,119.692
15.020,6,120.671
15.025,6,125.217
15.030,6,125.915
15.035,6,126.490
15.040,6,126.976
15.045,6,127.388
15.050,6,127.740
15.055,6,128.044
15.060,6,128.308
15.065,6,128.540
15.070,6,128.746
15.075,6,128.932
15.080,6,231.638
15.085,6,231.684
15.090,6,231.722
15.095,6,231.758
15.100,6,231.795
15.105,6,231.830
15.110,6,231.865
15.115,6,231.900
15.120,6,231.934
15.125,6,231.968
15.130,6,232.001
15.135,6,232.035
15.140,6,232.068
15.145,6,232.102
15.150,6,232.135
15.155,6,232.168
15.160,6,232.201
15.165,6,232.237
15.170,6,232.273
15.175,6,232.309
15.180,6,232.345
15.185,6,232.381
15.190,6,232.400
15.195,6,232.415
15.200,6,232.435
15.205,6,232.397
15.210,6,232.326
15.215,6,232.290
15.220,6,232.281
15.225,6,232.213
15.230,6,232.233
15.235,6,232.282
15.240,6,232.156
15.245,6,232.126
15.250,6,230.674
15.255,6,269.259
15.260,6,259.937
15.265,6,259.283
15.270,6,259.648
15.275,6,252.087
15.280,6,251.235
15.285,6,237.870
15.290,6,232.349
15.295,6,237.029
15.300,6,239.743
15.305,6,239.982
15.310,6,238.771
15.315,6,237.223
15.320,6,235.308
15.325,6,232.897
15.330,6,230.690
15.335,6,230.525
15.340,6,230.641
15.345,6,230.626
15.350,6,230.551
15.355,6,230.595
15.360,6,230.556
15.365,6,230.562
15.370,6,230.590
15.375,6,230.661
15.380,6,230.664
15.385,6,230.693
15.390,6,230.769
15.395,6,230.759
15.400,6,230.770
15.405,6,230.774
15.410,6,230.755
15.415,6,230.737
15.420,6,230.707
15.425,6,230.691
15.430,6,230.673
15.435,6,230.644
15.440,6,230.620
15.445,6,230.602
15.450,6,230.588
15.455,6,230.578
15.460,6,230.571
15.465,6,230.567
15.470,6,230.565
15.475,6,230.563
15.480,6,230.563
15.485,6,230.563
15.490,6,133.638
15.495,6,133.621
15.500,6,133.606
15.505,6,133.592
15.510,6,133.581
15.515,6,133.570
15.520,6,133.561
15.525,6,2129.424
15.530,6,2129.398
15.535,6,2129.384
15.540,6,2129.365
15.545,6,2129.344
15.550,6,2129.320
15.555,6,465.987
15.560,6,730.230
15.565,6,700.670
15.570,6,672.542
15.575,6,645.777
15.580,6,620.311
15.585,6,596.085
15.590,6,573.039
15.595,6,551.117
15.600,6,520.010
15.605,6,499.833
15.610,6,3343.564
15.615,6,2764.230
15.620,6,2181.537
15.625,6,2090.306
15.630,6,2086.675
15.635,6,2085.215
15.640,6,2085.636
15.645,6,2091.525
15.650,6,2096.901
15.655,6,2080.681
15.660,6,2077.659
15.665,6,2085.430
15.670,6,2089.659
15.675,6,2089.826
15.680,6,2085.858
15.685,6,2080.668
15.690,6,2082.921
15.695,6,2091.781
15.700,6,2085.273
15.705,6,2091.973
15.710,6,2099.811
15.715,6,2102.578
15.720,6,2106.025
15.725,6,2108.860
15.730,6,2111.186
15.735,6,2116.535
15.740,6,2117.758
15.745,6,2118.022
15.750,6,2118.012
15.755,6,2119.292
15.760,6,2139.287
15.765,6,2244.159
15.770,6,2142.427
15.775,6,2211.819
15.780,6,2310.336
15.785,6,2318.694
15.790,6,2317.377
15.795,6,2317.812
15.800,6,2317.986
15.805,6,2318.052
15.810,6,2317.379
15.815,6,2316.684
15.820,6,2316.452
15.825,6,2171.983
15.830,6,2164.279
15.835,6,2162.751
15.840,6,2162.268
15.845,6,2162.508
15.850,6,2163.133
15.855,6,2163.967
15.860,6,2165.913
15.865,6,2169.492
15.870,6,2170.914
15.875,6,2171.134
15.880,6,2171.764
15.885,6,2171.610
15.890,6,2169.961
15.895,6,2167.514
15.900,6,2165.011
15.905,6,2161.071
15.910,6,2154.107
15.915,6,2135.155
15.920,6,2126.035
15.925,6,2128.718
15.930,6,2124.136
15.935,6,2109.799
15.940,6,2103.653
15.945,6,2109.315
15.950,6,2115.888
15.955,6,2121.741
15.960,6,2126.383
15.965,6,2128.598
15.970,6,2133.882
15.975,6,2137.116
15.980,6,2139.089
15.985,6,2141.044
15.990,6,2142.666
15.995,6,2144.089
16.000,6,2145.158
16.005,6,2146.073
16.010,6,2146.810
16.015,6,2147.177
16.020,6,2147.276
16.025,6,2147.515
16.030,6,2147.862
16.035,6,2148.012
16.040,6,2148.051
16.045,6,2148.143
16.050,6,2148.385
16.055,6,2148.651
16.060,6,2148.618
16.065,6,2149.513
16.070,6,2149.156
16.075,6,2149.601
16.080,6,2149.827
16.085,6,2150.248
16.090,6,2150.323
16.095,6,2150.380
16.100,6,2150.368
16.105,6,2150.288
16.110,6,2150.285
16.115,6,2150.133
16.120,6,2150.579
16.125,6,2148.919
16.130,6,2148.047
16.135,6,2148.902
16.140,6,2148.679
16.145,6,2265.493
16.150,6,2265.554
16.155,6,2265.377
16.160,6,2265.691
16.165,6,2265.546
16.170,6,2265.730
16.175,6,2086.842
16.180,6,2266.204
16.185,6,2267.147
16.190,6,2054.959
16.195,6,2066.945
16.200,6,2266.952
16.205,6,2267.424
16.210,6,2058.706
16.215,6,2266.676
16.220,6,2267.616
16.225,6,2058.728
16.230,6,2058.703
16.235,6,2147.045
16.240,6,2150.773
16.245,6,2056.291
16.250,6,2059.041
16.255,6,2146.188
16.260,6,2149.478
16.265,6,2059.099
16.270,6,2061.716
16.275,6,2145.155
16.280,6,2067.303
16.285,6,2146.195
16.290,6,2066.398
16.295,6,2146.180
16.300,6,2075.523
16.305,6,2147.022
16.310,6,2067.711
16.315,6,2144.929
16.320,6,2073.651
16.325,6,2145.373
16.330,6,2072.733
16.335,6,2146.321
16.340,6,2094.194
16.345,6,2149.734
16.350,6,2076.497
16.355,6,2072.427
16.360,6,2146.045
16.365,6,2062.403
16.370,6,2073.617
16.375,6,2070.056
16.380,6,2144.524
16.385,6,2145.541
16.390,6,2146.609
16.395,6,2149.982
16.400,6,2066.409
16.405,6,2149.151
16.410,6,2067.725
16.415,6,2068.779
16.420,6,2145.786
16.425,6,2073.284
16.430,6,2145.190
16.435,6,2078.228
16.440,6,2069.590
16.445,6,2145.570
16.450,6,2070.597
16.455,6,2064.551
16.460,6,2066.107
16.465,6,2144.792
16.470,6,2145.565
16.475,6,2146.489
16.480,6,2151.118
16.485,6,2063.516
16.490,6,2149.070
16.495,6,2066.815
16.500,6,2147.150
16.505,6,2075.588
16.510,6,2061.052
16.515,6,2146.368
16.520,6,2069.656
16.525,6,3247.401
16.530,6,3007.870
16.535,6,3013.285
16.540,6,3008.388
16.545,6,3009.727
16.550,6,3008.006
16.555,6,3008.028
16.560,6,3007.644
16.565,6,3007.228
16.570,6,3006.897
16.575,6,3006.487
16.580,6,3006.159
16.585,6,3005.770
16.590,6,3005.465
16.595,6,3005.098
16.600,6,3004.824
16.605,6,3004.482
16.610,6,3004.243
16.615,6,3003.927
16.620,6,3003.720
16.625,6,3003.433
16.630,6,3003.254
16.635,6,3002.995
16.640,6,3002.837
16.645,6,3002.608
16.650,6,3002.466
16.655,6,3002.266
16.660,6,3002.134
16.665,6,3001.960
16.670,6,3001.837
16.675,6,3001.685
16.680,6,3001.569
16.685,6,3001.436
16.690,6,3001.369
16.695,6,3001.332
16.700,6,3001.283
16.705,6,3001.246
16.710,6,3001.205
16.715,6,3001.170
16.720,6,3001.136
16.725,6,3001.103
16.730,6,3001.067
16.735,6,3001.033
16.740,6,3000.998
16.745,6,3000.965
16.750,6,3000.934
16.755,6,3000.907
16.760,6,3000.962
16.765,6,3001.029
16.770,6,3001.093
16.775,6,3001.156
16.780,6,3001.217
16.785,6,3001.276
16.790,6,3001.332
16.795,6,3001.386
16.800,6,3001.438
16.805,6,3001.487
16.810,6,3001.533
16.815,6,3001.578
16.820,6,3001.620
16.825,6,3001.661
16.830,6,3001.699
16.835,6,3001.735
16.840,6,3001.769
16.845,6,3001.799
16.850,6,3001.828
16.855,6,3001.857
16.860,6,3001.888
16.865,6,3001.921
16.870,6,3001.950
16.875,6,3001.989
16.880,6,3002.014
16.885,6,3002.052
16.890,6,3002.077
16.895,6,3002.089
16.900,6,3002.116
16.905,6,3002.140
16.910,6,3002.168
16.915,6,3002.194
16.920,6,3002.219
16.925,6,3007.324
16.930,6,3002.545
16.935,6,3001.310
16.940,6,3002.229
16.945,6,3005.829
16.950,6,3002.418
16.955,6,3004.377
16.960,6,3002.249
16.965,6,3004.954
16.970,6,3002.481
16.975,6,3005.856
16.980,6,3003.000
16.985,6,3006.128
16.990,6,3003.224
16.995,6,3006.009
17.000,6,3002.867
17.005,6,3002.526
17.010,6,3006.377
17.015,6,3003.260
17.020,6,3006.493
17.025,6,3002.569
17.030,6,3003.062
17.035,6,3005.410
17.040,6,3001.929
17.045,6,3001.924
17.050,6,3005.976
17.055,6,3001.966
17.060,6,3002.422
17.065,6,3004.214
17.070,6,3002.287
17.075,6,3002.331
17.080,6,3006.423
17.085,6,3002.025
17.090,6,3002.191
17.095,6,3003.660
17.100,6,3002.858
17.105,6,3003.111
17.110,6,3003.260
17.115,6,3003.425
17.120,6,3003.070
17.125,6,3003.253
17.130,6,3002.676
17.135,6,3003.642
17.140,6,3002.376
17.145,6,3004.013
17.150,6,3002.389
17.155,6,2080.997
17.160,6,2454.335
17.165,6,2441.560
17.170,6,2436.190
17.175,6,2427.037
17.180,6,2417.892
17.185,6,2411.319
17.190,6,2403.683
17.195,6,2397.390
17.200,6,2392.551
17.205,6,2387.293
17.210,6,2379.601
17.215,6,2372.798
17.220,6,2369.612
17.225,6,2364.328
17.230,6,2360.408
17.235,6,2356.093
17.240,6,2351.865
17.245,6,2347.367
17.250,6,2343.606
17.255,6,2338.475
17.260,6,2336.421
17.265,6,2331.973
17.270,6,2330.815
17.275,6,2326.977
17.280,6,2324.696
17.285,6,2321.065
17.290,6,2319.355
17.295,6,2316.042
17.300,6,2314.741
17.305,6,2312.102
17.310,6,2310.698
17.315,6,2308.107
17.320,6,2306.382
17.325,6,2302.865
17.330,6,2302.270
17.335,6,2298.908
17.340,6,2300.231
17.345,6,2297.658
17.350,6,2297.491
17.355,6,2295.393
17.360,6,2295.005
17.365,6,2292.746
17.370,6,2291.967
17.375,6,2288.996
17.380,6,2289.527
17.385,6,2286.989
17.390,6,2289.136
17.395,6,2286.814
17.400,6,2286.494
17.405,6,2284.200
17.410,6,2286.005
17.415,6,2283.489
17.420,6,2283.635
17.425,6,2281.214
17.430,6,2282.498
17.435,6,2281.011
17.440,6,2281.875
17.445,6,2280.365
17.450,6,2280.750
17.455,6,2278.654
17.460,6,2278.887
17.465,6,2276.416
17.470,6,2278.541
17.475,6,2276.931
17.480,6,2278.623
17.485,6,2276.644
17.490,6,2277.520
17.495,6,2275.443
17.500,6,2276.689
17.505,6,2274.813
17.510,6,2276.994
17.515,6,2274.816
17.520,6,2275.625
17.525,6,4244.472
17.530,6,4301.100
17.535,6,4300.620
17.540,6,4299.917
17.545,6,4299.038
17.550,6,4298.053
17.555,6,4296.815
17.560,6,4295.623
17.565,6,4294.305
17.570,6,4292.992
17.575,6,4291.927
17.580,6,3539.068
17.585,6,4263.031
17.590,6,4235.214
17.595,6,4204.001
17.600,6,4179.300
17.605,6,4157.377
17.610,6,3722.136
17.615,6,3653.061
17.620,6,3633.805
17.625,6,3611.593
17.630,6,3588.459
17.635,6,3566.054
17.640,6,3538.177
17.645,6,3512.473
17.650,6,3486.135
17.655,6,3458.876
17.660,6,3430.351
17.665,6,3402.369
17.670,6,3372.426
17.675,6,3342.352
17.680,6,3311.293
17.685,6,3284.089
17.690,6,3248.047
17.695,6,3221.348
17.700,6,3180.657
17.705,6,3147.538
17.710,6,3115.838
17.715,6,3076.424
17.720,6,3046.822
17.725,6,3004.085
17.730,6,2967.593
17.735,6,2931.558
17.740,6,2893.729
17.745,6,2933.606
17.750,6,2970.226
17.755,6,2733.014
17.760,6,4342.715
17.765,6,4325.647
17.770,6,4264.389
17.775,6,4635.007
17.780,6,4460.612
17.785,6,4400.697
17.790,6,4258.027
17.795,6,4337.546
17.800,6,4295.405
17.805,6,4189.328
17.810,6,4151.457
17.815,6,4125.109
17.820,6,4099.321
17.825,6,4070.269
17.830,6,4041.777
17.835,6,4011.917
17.840,6,3982.806
17.845,6,3953.247
17.850,6,3922.870
17.855,6,3892.619
17.860,6,3861.100
17.865,6,3829.262
17.870,6,3797.739
17.875,6,3575.638
17.880,6,2909.786
17.885,6,2869.486
17.890,6,2832.258
17.895,6,2794.262
17.900,6,2762.587
17.905,6,2765.916
17.910,6,3032.082
17.915,6,2975.144
17.920,6,2939.586
17.925,6,2899.367
17.930,6,2861.972
17.935,6,2827.129
17.940,6,2792.454
17.945,6,2759.510
17.950,6,2729.824
17.955,6,2702.372
17.960,6,2676.624
17.965,6,2652.552
17.970,6,2629.809
17.975,6,2608.930
17.980,6,2587.884
17.985,6,2572.882
17.990,6,2549.172
17.995,6,2537.378
18.000,6,2518.119
18.005,6,2507.162
18.010,6,2489.292
18.015,6,2478.571
18.020,6,2465.489
18.025,6,2365.070
18.030,6,2444.825
18.035,6,2504.250
18.040,6,2591.948
18.045,6,2667.418
18.050,6,2414.941
18.055,6,2409.168
18.060,6,2409.222
18.065,6,2470.316
18.070,6,2386.453
18.075,6,2383.714
18.080,6,2377.156
18.085,6,2371.041
18.090,6,2365.321
18.095,6,2359.744
18.100,6,2354.964
18.105,6,2349.811
18.110,6,2345.693
18.115,6,2341.496
18.120,6,2336.450
18.125,6,2333.487
18.130,6,2329.677
18.135,6,2326.437
18.140,6,2321.905
18.145,6,2319.846
18.150,6,2316.737
18.155,6,2313.816
18.160,6,2310.718
18.165,6,2308.716
18.170,6,2306.227
18.175,6,2303.358
18.180,6,2302.014
18.185,6,2299.982
18.190,6,2298.506
18.195,6,2295.339
18.200,6,2294.931
18.205,6,2293.276
18.210,6,2291.639
18.215,6,2292.017
18.220,6,2291.963
18.225,6,2292.364
18.230,6,2291.623
18.235,6,2293.840
18.240,6,2292.253
18.245,6,2288.203
18.250,6,2288.334
18.255,6,2287.237
18.260,6,2290.969
18.265,6,2288.422
18.270,6,2288.749
18.275,6,2289.079
18.280,6,2288.783
18.285,6,2290.504
18.290,6,2289.221
18.295,6,2289.508
18.300,6,2289.800
18.305,6,2288.871
18.310,6,2292.000
18.315,6,2289.828
18.320,6,2290.138
18.325,6,2290.398
18.330,6,2290.663
18.335,6,2291.167
18.340,6,2290.754
18.345,6,2290.834
18.350,6,2291.857
18.355,6,2291.053
18.360,6,2291.378
18.365,6,2291.678
18.370,6,2292.141
18.375,6,2291.876
18.380,6,2291.164
18.385,6,2294.028
18.390,6,2292.127
18.395,6,2292.462
18.400,6,2292.750
18.405,6,2292.421
18.410,6,2294.599
18.415,6,2293.044
18.420,6,2293.396
18.425,6,2293.694
18.430,6,2291.389
18.435,6,2367.318
18.440,6,2308.025
18.445,6,2286.945
18.450,6,2275.791
18.455,6,2742.927
18.460,6,2287.168
18.465,6,2293.067
18.470,6,2517.274
18.475,6,2308.467
18.480,6,2308.460
18.485,6,2308.370
18.490,6,2308.150
18.495,6,2308.951
18.500,6,2306.834
18.505,6,2307.641
18.510,6,2307.524
18.515,6,2307.342
18.520,6,2308.002
18.525,6,4531.805
18.530,6,4404.196
18.535,6,4404.028
18.540,6,4403.888
18.545,6,4403.611
18.550,6,4403.347
18.555,6,4403.062
18.560,6,4402.584
18.565,6,4401.956
18.570,6,4401.148
18.575,6,4402.170
18.580,6,4399.026
18.585,6,4400.270
18.590,6,4396.676
18.595,6,4398.143
18.600,6,4395.086
18.605,6,4393.542
18.610,6,3658.321
18.615,6,4114.173
18.620,6,4057.731
18.625,6,4017.332
18.630,6,3978.473
18.635,6,3941.343
18.640,6,3907.016
18.645,6,3873.560
18.650,6,3842.114
18.655,6,3813.431
18.660,6,3786.959
18.665,6,3783.144
18.670,6,3993.673
18.675,6,3713.476
18.680,6,3393.420
18.685,6,3281.911
18.690,6,3241.707
18.695,6,3218.888
18.700,6,3229.661
18.705,6,3175.094
18.710,6,3074.128
18.715,6,2305.505
18.720,6,3597.232
18.725,6,3613.334
18.730,6,3608.349
18.735,6,3611.014
18.740,6,3614.287
18.745,6,3566.503
18.750,6,3551.640
18.755,6,3619.533
18.760,6,3607.766
18.765,6,3613.213
18.770,6,3611.381
18.775,6,3605.500
18.780,6,3605.279
18.785,6,3607.857
18.790,6,3602.049
18.795,6,3601.898
18.800,6,3612.348
18.805,6,3620.960
18.810,6,3365.653
18.815,6,3335.323
18.820,6,3408.274
18.825,6,3986.517
18.830,6,3040.237
18.835,6,2766.100
18.840,6,2736.754
18.845,6,2710.922
18.850,6,2685.983
18.855,6,2662.346
18.860,6,2640.054
18.865,6,2618.948
18.870,6,2599.054
18.875,6,2580.220
18.880,6,2562.425
18.885,6,2545.642
18.890,6,2529.642
18.895,6,2514.646
18.900,6,2500.514
18.905,6,2487.107
18.910,6,2474.853
18.915,6,2462.824
18.920,6,2451.508
18.925,6,2440.859
18.930,6,2430.810
18.935,6,2421.327
18.940,6,2412.353
18.945,6,2403.536
18.950,6,2432.372
18.955,6,2438.620
18.960,6,2396.223
18.965,6,2389.572
18.970,6,2383.217
18.975,6,2377.215
18.980,6,2371.543
18.985,6,2366.168
18.990,6,2361.243
18.995,6,2356.283
19.000,6,2411.171
19.005,6,2422.704
19.010,6,2414.947
19.015,6,2407.147
19.020,6,2399.665
19.025,6,2392.783
19.030,6,2385.746
19.035,6,2379.969
19.040,6,2374.423
19.045,6,2368.982
19.050,6,2363.963
19.055,6,2359.120
19.060,6,2354.498
19.065,6,2350.157
19.070,6,2346.080
19.075,6,2342.238
19.080,6,2338.583
19.085,6,2335.113
19.090,6,2331.824
19.095,6,2328.708
19.100,6,2325.761
19.105,6,2322.958
19.110,6,2320.299
19.115,6,2317.777
19.120,6,2315.412
19.125,6,2313.141
19.130,6,2311.001
19.135,6,2308.952
19.140,6,2307.006
19.145,6,2305.162
19.150,6,2303.417
19.155,6,2301.779
19.160,6,2300.202
19.165,6,2298.701
19.170,6,2297.284
19.175,6,2295.922
19.180,6,2294.631
19.185,6,2293.408
19.190,6,2292.246
19.195,6,2291.149
19.200,6,2290.104
19.205,6,2289.110
19.210,6,2288.181
19.215,6,2287.294
19.220,6,2286.488
19.225,6,2285.708
19.230,6,2284.978
19.235,6,2284.089
19.240,6,2283.333
19.245,6,2282.559
19.250,6,2281.132
19.255,6,2281.079
19.260,6,2281.044
19.265,6,2280.764
19.270,6,2279.761
19.275,6,2279.432
19.280,6,2280.099
19.285,6,2278.504
19.290,6,2278.389
19.295,6,2277.945
19.300,6,2277.388
19.305,6,2277.564
19.310,6,2275.815
19.315,6,2275.977
19.320,6,2275.469
19.325,6,2275.419
19.330,6,2272.721
19.335,6,2271.695
19.340,6,2270.824
19.345,6,2270.886
19.350,6,2270.771
19.355,6,2270.883
19.360,6,2270.878
19.365,6,2270.554
19.370,6,2270.025
19.375,6,2269.859
19.380,6,2269.717
19.385,6,2269.563
19.390,6,2269.433
19.395,6,2269.314
19.400,6,2269.192
19.405,6,2269.072
19.410,6,2268.965
19.415,6,2268.860
19.420,6,2268.756
19.425,6,2268.679
19.430,6,2268.587
19.435,6,2268.510
19.440,6,2268.433
19.445,6,2268.360
19.450,6,2268.293
19.455,6,2268.232
19.460,6,2268.177
19.465,6,2268.116
19.470,6,2268.070
19.475,6,2268.015
19.480,6,2267.978
19.485,6,2267.935
19.490,6,2267.902
19.495,6,2267.868
19.500,6,2267.837
19.505,6,2267.806
19.510,6,2267.783
19.515,6,2267.748
19.520,6,2267.751
19.525,6,4258.809
19.530,6,4353.639
19.535,6,4355.408
19.540,6,4353.897
19.545,6,4351.183
19.550,6,4348.837
19.555,6,4345.774
19.560,6,4343.433
19.565,6,4339.642
19.570,6,3607.699
19.575,6,3913.728
19.580,6,3880.802
19.585,6,3849.231
19.590,6,3818.937
19.595,6,3789.773
19.600,6,3761.707
19.605,6,3734.646
19.610,6,3706.139
19.615,6,3685.126
19.620,6,3659.213
19.625,6,3635.090
19.630,6,3612.024
19.635,6,3589.565
19.640,6,3567.655
19.645,6,3330.769
19.650,6,2683.263
19.655,6,2674.676
19.660,6,2691.055
19.665,6,2657.356
19.670,6,2703.744
19.675,6,2704.458
19.680,6,2737.108
19.685,6,2775.300
19.690,6,2815.203
19.695,6,2847.022
19.700,6,2887.056
19.705,6,2924.012
19.710,6,2898.400
19.715,6,2919.902
19.720,6,3026.848
19.725,6,3060.103
19.730,6,3084.158
19.735,6,3131.049
19.740,6,3171.184
19.745,6,3189.347
19.750,6,3362.649
19.755,6,3505.361
19.760,6,3436.910
19.765,6,3473.924
19.770,6,3511.924
19.775,6,3550.544
19.780,6,3593.503
19.785,6,3637.327
19.790,6,3681.722
19.795,6,3726.513
19.800,6,3775.322
19.805,6,4360.398
19.810,6,4366.332
19.815,6,4384.238
19.820,6,4381.178
19.825,6,4381.615
19.830,6,4383.286
19.835,6,4384.755
19.840,6,4494.733
19.845,6,4358.134
19.850,6,4292.601
19.855,6,4292.833
19.860,6,4294.991
19.865,6,4423.595
19.870,6,4468.742
19.875,6,4392.463
19.880,6,4386.156
19.885,6,4385.468
19.890,6,4384.519
19.895,6,4383.321
19.900,6,4367.783
19.905,6,4392.039
19.910,6,4379.058
19.915,6,4376.898
19.920,6,4374.498
19.925,6,4371.877
19.930,6,4369.075
19.935,6,4366.113
19.940,6,4362.983
19.945,6,4360.195
19.950,6,4384.547
19.955,6,4353.190
19.960,6,4140.654
19.965,6,3574.389
19.970,6,3588.124
19.975,6,3601.379
19.980,6,3614.181
19.985,6,3626.553
19.990,6,3638.514
19.995,6,3650.087
20.000,6,3661.280
20.005,6,3672.120
20.010,6,3682.682
20.015,6,3284.789
20.020,6,2933.493
20.025,6,2942.716
20.030,6,2952.870
20.035,6,2964.062
20.040,6,2970.832
20.045,6,2978.852
20.050,6,2987.221
20.055,6,2994.833
20.060,6,2574.282
20.065,6,2249.918
20.070,6,2237.157
20.075,6,2237.937
20.080,6,2237.672
20.085,6,2237.522
20.090,6,2237.464
20.095,6,2237.484
20.100,6,2237.570
20.105,6,2242.533
20.110,6,2244.800
20.115,6,2245.158
20.120,6,2245.371
20.125,6,2245.511
20.130,6,2245.788
20.135,6,2246.181
20.140,6,2246.563
20.145,6,2246.931
20.150,6,2247.288
20.155,6,2247.636
20.160,6,2247.976
20.165,6,2248.309
20.170,6,2248.634
20.175,6,2248.950
20.180,6,2249.264
20.185,6,2249.574
20.190,6,2249.842
20.195,6,2250.119
20.200,6,2250.384
20.205,6,2250.638
20.210,6,2250.879
20.215,6,2251.108
20.220,6,2251.325
20.225,6,2251.529
20.230,6,2251.720
20.235,6,2251.867
20.240,6,2252.067
20.245,6,2252.221
20.250,6,2252.362
20.255,6,2252.491
20.260,6,2252.609
20.265,6,2252.714
20.270,6,2252.807
20.275,6,2252.975
20.280,6,2253.690
20.285,6,2271.021
20.290,6,2265.807
20.295,6,2267.886
20.300,6,2267.945
20.305,6,2268.000
20.310,6,2268.049
20.315,6,2268.092
20.320,6,2268.129
20.325,6,2268.161
20.330,6,2268.188
20.335,6,2268.209
20.340,6,2268.226
20.345,6,2268.238
20.350,6,2268.246
20.355,6,2268.250
20.360,6,2268.250
20.365,6,2268.245
20.370,6,2268.238
20.375,6,2268.226
20.380,6,2268.211
20.385,6,2268.193
20.390,6,2268.321
20.395,6,2268.628
20.400,6,2268.918
20.405,6,2269.193
20.410,6,2269.452
20.415,6,2269.698
20.420,6,2269.929
20.425,6,2270.148
20.430,6,2270.356
20.435,6,2270.558
20.440,6,2270.813
20.445,6,2326.315
20.450,6,2312.222
20.455,6,2291.015
20.460,6,2290.975
20.465,6,2290.967
20.470,6,2290.942
20.475,6,2290.922
20.480,6,2290.906
20.485,6,2290.895
20.490,6,2290.888
20.495,6,2290.886
20.500,6,2290.888
20.505,6,2290.896
20.510,6,2290.907
20.515,6,2284.452
20.520,6,2284.473
20.525,6,2439.257
20.530,6,2657.000
20.535,6,2653.126
20.540,6,2650.687
20.545,6,2648.330
20.550,6,2645.991
20.555,6,654.401
20.560,6,947.342
20.565,6,911.349
20.570,6,880.209
20.575,6,844.277
20.580,6,780.275
20.585,6,772.974
20.590,6,750.833
20.595,6,725.369
20.600,6,699.970
20.605,6,677.166
20.610,6,654.195
20.615,6,632.992
20.620,6,612.709
20.625,6,593.415
20.630,6,575.070
20.635,6,557.628
20.640,6,541.043
20.645,6,525.286
20.650,6,510.336
20.655,6,496.034
20.660,6,482.485
20.665,6,468.736
20.670,6,458.534
20.675,6,444.613
20.680,6,434.954
20.685,6,424.210
20.690,6,414.202
20.695,6,404.707
20.700,6,395.681
20.705,6,387.103
20.710,6,378.951
20.715,6,371.203
20.720,6,363.841
20.725,6,356.844
20.730,6,350.195
20.735,6,343.877
20.740,6,337.873
20.745,6,332.167
20.750,6,326.745
20.755,6,321.593
20.760,6,316.698
20.765,6,312.047
20.770,6,307.627
20.775,6,303.427
20.780,6,299.436
20.785,6,295.645
20.790,6,292.041
20.795,6,288.618
20.800,6,285.364
20.805,6,282.273
20.810,6,279.337
20.815,6,276.545
20.820,6,273.908
20.825,6,271.369
20.830,6,268.982
20.835,6,266.706
20.840,6,264.546
20.845,6,262.497
20.850,6,260.551
20.855,6,258.725
20.860,6,258.174
20.865,6,251.588
20.870,6,257.273
20.875,6,254.071
20.880,6,252.646
20.885,6,251.274
20.890,6,249.689
20.895,6,248.923
20.900,6,247.655
20.905,6,246.459
20.910,6,245.381
20.915,6,244.358
20.920,6,243.422
20.925,6,242.509
20.930,6,241.702
20.935,6,240.836
20.940,6,240.049
20.945,6,239.307
20.950,6,238.604
20.955,6,237.936
20.960,6,237.302
20.965,6,236.704
20.970,6,236.118
20.975,6,235.601
20.980,6,235.055
20.985,6,234.585
20.990,6,234.114
20.995,6,233.669
21.000,6,233.249
21.005,6,232.849
21.010,6,232.528
21.015,6,232.116
21.020,6,231.798
21.025,6,231.384
21.030,6,231.177
21.035,6,230.843
21.040,6,230.557
21.045,6,230.290
21.050,6,230.038
21.055,6,229.799
21.060,6,229.572
21.065,6,229.356
21.070,6,229.151
21.075,6,228.956
21.080,6,228.771
21.085,6,228.595
21.090,6,228.428
21.095,6,228.269
21.100,6,228.119
21.105,6,227.975
21.110,6,227.839
21.115,6,227.710
21.120,6,227.587
21.125,6,227.471
21.130,6,227.360
21.135,6,227.255
21.140,6,227.155
21.145,6,227.060
21.150,6,226.969
21.155,6,226.884
21.160,6,226.802
21.165,6,226.725
21.170,6,226.651
21.175,6,226.581
21.180,6,226.515
21.185,6,226.452
21.190,6,226.392
21.195,6,226.335
21.200,6,226.281
21.205,6,226.230
21.210,6,226.181
21.215,6,226.135
21.220,6,226.091
21.225,6,226.049
21.230,6,226.009
21.235,6,225.973
21.240,6,225.962
21.245,6,225.951
21.250,6,225.942
21.255,6,225.938
21.260,6,225.941
21.265,6,225.944
21.270,6,225.947
21.275,6,225.950
21.280,6,225.953
21.285,6,225.956
21.290,6,225.958
21.295,6,225.961
21.300,6,225.963
21.305,6,225.965
21.310,6,225.967
21.315,6,225.969
21.320,6,225.971
21.325,6,225.972
21.330,6,225.974
21.335,6,225.976
21.340,6,225.977
21.345,6,225.979
21.350,6,225.980
21.355,6,225.981
21.360,6,225.982
21.365,6,225.984
21.370,6,225.985
21.375,6,225.986
21.380,6,225.987
21.385,6,225.988
21.390,6,225.989
21.395,6,225.989
21.400,6,225.990
21.405,6,225.991
21.410,6,225.997
21.415,6,226.003
21.420,6,226.008
21.425,6,226.013
21.430,6,226.018
21.435,6,226.023
21.440,6,226.027
21.445,6,226.032
21.450,6,226.036
21.455,6,226.039
21.460,6,226.043
21.465,6,226.046
21.470,6,226.050
21.475,6,226.053
21.480,6,226.056
21.485,6,226.058
21.490,6,226.061
21.495,6,226.064
21.500,6,226.066
21.505,6,226.068
21.510,6,226.070
21.515,6,226.072
21.520,6,226.074
21.525,6,2589.974
21.530,6,2645.697
21.535,6,2645.524
21.540,6,2645.445
21.545,6,2645.117
21.550,6,2644.717
21.555,6,2644.246
21.560,6,2643.701
21.565,6,2643.077
21.570,6,2642.369
21.575,6,2641.572
21.580,6,2640.680
21.585,6,2639.687
21.590,6,2025.847
21.595,6,1582.231
21.600,6,1552.415
21.605,6,1548.733
21.610,6,1583.705
21.615,6,1619.013
21.620,6,1653.646
21.625,6,1688.837
21.630,6,1723.715
21.635,6,1759.572
21.640,6,1794.950
21.645,6,1830.586
21.650,6,1866.395
21.655,6,1902.385
21.660,6,1939.549
21.665,6,1976.011
21.670,6,1963.629
21.675,6,1934.191
21.680,6,2062.690
21.685,6,2101.355
21.690,6,2140.865
21.695,6,2167.530
21.700,6,2207.589
21.705,6,2247.980
21.710,6,2289.114
21.715,6,2339.751
21.720,6,2377.182
21.725,6,2420.712
21.730,6,2464.107
21.735,6,2508.090
21.740,6,2554.040
21.745,6,2600.751
21.750,6,2603.798
21.755,6,2601.368
21.760,6,2600.057
21.765,6,2598.292
21.770,6,2596.068
21.775,6,2607.732
21.780,6,2600.906
21.785,6,2594.648
21.790,6,2593.921
21.795,6,2592.870
21.800,6,2615.696
21.805,6,2632.636
21.810,6,2625.218
21.815,6,2618.270
21.820,6,2611.681
21.825,6,2605.426
21.830,6,2599.659
21.835,6,2594.212
21.840,6,2589.069
21.845,6,2584.202
21.850,6,2579.444
21.855,6,2574.572
21.860,6,2571.063
21.865,6,2114.205
21.870,6,2049.516
21.875,6,2022.613
21.880,6,1995.753
21.885,6,1969.926
21.890,6,1945.037
21.895,6,1920.650
21.900,6,1896.501
21.905,6,1873.177
21.910,6,1850.431
21.915,6,1828.224
21.920,6,1807.633
21.925,6,1786.449
21.930,6,1766.022
21.935,6,1746.562
21.940,6,1727.916
21.945,6,1710.211
21.950,6,1692.385
21.955,6,1675.601
21.960,6,2469.693
21.965,6,2212.215
21.970,6,1722.182
21.975,6,1719.083
21.980,6,1727.319
21.985,6,1742.209
21.990,6,1754.792
21.995,6,1767.232
22.000,6,1778.746
22.005,6,1789.291
22.010,6,1798.877
22.015,6,1807.464
22.020,6,1815.053
22.025,6,1821.641
22.030,6,1827.223
22.035,6,1831.796
22.040,6,1835.326
22.045,6,1843.104
22.050,6,1836.286
22.055,6,1842.478
22.060,6,1841.586
22.065,6,1839.923
22.070,6,1837.392
22.075,6,1833.833
22.080,6,1829.239
22.085,6,1823.620
22.090,6,1816.972
22.095,6,1809.283
22.100,6,1800.571
22.105,6,1790.836
22.110,6,1779.978
22.115,6,556.229
22.120,6,1176.680
22.125,6,1126.710
22.130,6,1078.914
22.135,6,1033.907
22.140,6,991.415
22.145,6,951.274
22.150,6,913.347
22.155,6,877.501
22.160,6,843.283
22.165,6,811.268
22.170,6,781.262
22.175,6,752.358
22.180,6,725.478
22.185,6,699.615
22.190,6,675.340
22.195,6,652.532
22.200,6,630.615
22.205,6,610.151
22.210,6,590.504
22.215,6,572.140
22.220,6,554.518
22.225,6,537.930
22.230,6,522.309
22.235,6,507.329
22.240,6,493.292
22.245,6,479.840
22.250,6,467.227
22.255,6,455.158
22.260,6,441.755
22.265,6,425.840
22.270,6,406.150
22.275,6,394.805
22.280,6,384.843
22.285,6,376.246
22.290,6,367.835
22.295,6,359.976
22.300,6,352.326
22.305,6,345.193
22.310,6,338.489
22.315,6,331.832
22.320,6,328.735
22.325,6,328.375
22.330,6,319.618
22.335,6,314.844
22.340,6,309.958
22.345,6,305.202
22.350,6,300.733
22.355,6,296.574
22.360,6,292.449
22.365,6,288.732
22.370,6,285.122
22.375,6,281.025
22.380,6,279.138
22.385,6,277.488
22.390,6,296.514
22.395,6,279.293
22.400,6,287.347
22.405,6,284.396
22.410,6,282.094
22.415,6,279.860
22.420,6,277.721
22.425,6,275.689
22.430,6,273.737
22.435,6,271.894
22.440,6,270.172
22.445,6,268.510
22.450,6,266.930
22.455,6,265.451
22.460,6,264.032
22.465,6,262.674
22.470,6,256.865
22.475,6,256.865
22.480,6,252.268
22.485,6,251.896
22.490,6,251.502
22.495,6,251.458
22.500,6,249.471
22.505,6,246.729
22.510,6,246.597
22.515,6,244.939
22.520,6,245.329
22.525,6,2438.188
22.530,6,2459.028
22.535,6,2459.431
22.540,6,2459.701
22.545,6,2459.753
22.550,6,2460.166
22.555,6,2461.157
22.560,6,2460.172
22.565,6,2460.917
22.570,6,2461.519
22.575,6,2461.973
22.580,6,2462.442
22.585,6,2462.898
22.590,6,2463.314
22.595,6,2463.640
22.600,6,2463.926
22.605,6,2464.191
22.610,6,2464.319
22.615,6,2464.299
22.620,6,2464.167
22.625,6,2463.952
22.630,6,2463.569
22.635,6,2463.023
22.640,6,2467.803
22.645,6,2476.419
22.650,6,2484.972
22.655,6,2493.423
22.660,6,2501.738
22.665,6,2509.883
22.670,6,2517.829
22.675,6,2525.874
22.680,6,2533.744
22.685,6,2541.560
22.690,6,2548.485
22.695,6,2555.634
22.700,6,2562.333
22.705,6,2567.479
22.710,6,2573.578
22.715,6,2579.376
22.720,6,2547.970
22.725,6,2539.446
22.730,6,2531.382
22.735,6,2537.892
22.740,6,2529.464
22.745,6,2508.018
22.750,6,2500.765
22.755,6,2505.934
22.760,6,2498.597
22.765,6,2490.885
22.770,6,2485.687
22.775,6,2465.644
22.780,6,2469.497
22.785,6,2467.199
22.790,6,2467.162
22.795,6,2466.227
22.800,6,2466.466
22.805,6,2467.345
22.810,6,2467.641
22.815,6,2467.979
22.820,6,2467.889
22.825,6,2467.324
22.830,6,2464.680
22.835,6,2464.988
22.840,6,2466.717
22.845,6,2474.328
22.850,6,2480.232
22.855,6,2485.322
22.860,6,2492.152
22.865,6,2498.429
22.870,6,2502.925
22.875,6,2507.692
22.880,6,2512.668
22.885,6,2517.082
22.890,6,2520.940
22.895,6,2524.379
22.900,6,2527.878
22.905,6,2530.559
22.910,6,2532.698
22.915,6,2535.467
22.920,6,2537.885
22.925,6,2539.293
22.930,6,2540.931
22.935,6,2542.017
22.940,6,2543.009
22.945,6,2496.301
22.950,6,1611.849
22.955,6,1620.736
22.960,6,1627.581
22.965,6,1635.189
22.970,6,1862.854
22.975,6,1867.621
22.980,6,1871.018
22.985,6,1871.668
22.990,6,1857.848
22.995,6,1855.626
23.000,6,1852.128
23.005,6,1846.466
23.010,6,1840.270
23.015,6,1831.408
23.020,6,1821.311
23.025,6,561.008
23.030,6,2440.718
23.035,6,2428.955
23.040,6,2282.309
23.045,6,2156.655
23.050,6,2071.562
23.055,6,1969.509
23.060,6,1872.615
23.065,6,1798.145
23.070,6,1696.254
23.075,6,1648.294
23.080,6,1548.917
23.085,6,1492.971
23.090,6,1420.819
23.095,6,1356.092
23.100,6,1301.836
23.105,6,1242.270
23.110,6,1186.548
23.115,6,1143.131
23.120,6,1089.334
23.125,6,1049.466
23.130,6,1007.734
23.135,6,955.132
23.140,6,924.078
23.145,6,894.626
23.150,6,850.696
23.155,6,817.362
23.160,6,791.716
23.165,6,771.308
23.170,6,742.223
23.175,6,706.738
23.180,6,654.372
23.185,6,682.518
23.190,6,636.914
23.195,6,613.205
23.200,6,589.222
23.205,6,565.940
23.210,6,562.944
23.215,6,535.972
23.220,6,507.691
23.225,6,533.879
23.230,6,494.317
23.235,6,477.293
23.240,6,467.777
23.245,6,450.217
23.250,6,453.326
23.255,6,431.691
23.260,6,419.358
23.265,6,422.912
23.270,6,402.725
23.275,6,394.334
23.280,6,379.632
23.285,6,392.138
23.290,6,374.485
23.295,6,365.246
23.300,6,357.330
23.305,6,323.179
23.310,6,365.503
23.315,6,353.063
23.320,6,317.806
23.325,6,345.965
23.330,6,326.094
23.335,6,305.442
23.340,6,329.839
23.345,6,307.426
23.350,6,285.053
23.355,6,313.336
23.360,6,317.229
23.365,6,272.536
23.370,6,311.317
23.375,6,292.889
23.380,6,252.244
23.385,6,294.560
23.390,6,280.233
23.395,6,277.684
23.400,6,275.239
23.405,6,272.895
23.410,6,270.650
23.415,6,268.448
23.420,6,266.286
23.425,6,264.207
23.430,6,262.250
23.435,6,260.446
23.440,6,258.711
23.445,6,256.890
23.450,6,255.193
23.455,6,253.690
23.460,6,252.077
23.465,6,250.648
23.470,6,249.171
23.475,6,247.869
23.480,6,246.581
23.485,6,245.290
23.490,6,244.022
23.495,6,241.916
23.500,6,236.600
23.505,6,236.609
23.510,6,242.977
23.515,6,239.064
23.520,6,232.974
23.525,6,2555.555
23.530,6,2484.366
23.535,6,2480.698
23.540,6,2486.662
23.545,6,2481.585
23.550,6,2484.040
23.555,6,2484.124
23.560,6,2484.160
23.565,6,2482.194
23.570,6,2485.066
23.575,6,2481.454
23.580,6,2481.354
23.585,6,2482.302
23.590,6,2454.504
23.595,6,2453.832
23.600,6,2453.574
23.605,6,2453.049
23.610,6,2452.832
23.615,6,2452.288
23.620,6,2451.672
23.625,6,2451.109
23.630,6,2449.793
23.635,6,2448.621
23.640,6,2446.478
23.645,6,2444.911
23.650,6,2443.467
23.655,6,2441.551
23.660,6,2439.683
23.665,6,2437.556
23.670,6,2435.560
23.675,6,2444.078
23.680,6,2470.545
23.685,6,2470.007
23.690,6,2468.341
23.695,6,2467.391
23.700,6,2465.833
23.705,6,2463.990
23.710,6,2464.060
23.715,6,2462.900
23.720,6,2462.613
23.725,6,2460.992
23.730,6,1850.437
23.735,6,2530.120
23.740,6,2447.200
23.745,6,2371.700
23.750,6,2269.323
23.755,6,2203.420
23.760,6,2113.441
23.765,6,2055.832
23.770,6,2001.997
23.775,6,1952.902
23.780,6,1909.577
23.785,6,1868.056
23.790,6,1829.390
23.795,6,1793.581
23.800,6,1760.682
23.805,6,1728.685
23.810,6,1700.208
23.815,6,1673.099
23.820,6,1647.127
23.825,6,1619.659
23.830,6,2380.203
23.835,6,2383.785
23.840,6,2379.290
23.845,6,2376.313
23.850,6,2354.621
23.855,6,2287.766
23.860,6,2244.872
23.865,6,2224.670
23.870,6,2203.947
23.875,6,2186.163
23.880,6,2167.552
23.885,6,2151.473
23.890,6,2135.205
23.895,6,2119.152
23.900,6,2105.622
23.905,6,2091.578
23.910,6,2078.395
23.915,6,2065.250
23.920,6,2054.201
23.925,6,2042.615
23.930,6,2031.772
23.935,6,2020.749
23.940,6,2011.901
23.945,6,2002.307
23.950,6,1973.650
23.955,6,1878.843
23.960,6,1981.548
23.965,6,1974.320
23.970,6,1966.895
23.975,6,1959.882
23.980,6,1953.206
23.985,6,1946.844
23.990,6,1940.786
23.995,6,1935.019
24.000,6,1929.533
24.005,6,1924.316
24.010,6,1919.357
24.015,6,1914.648
24.020,6,1910.178
24.025,6,1905.940
24.030,6,1901.924
24.035,6,1898.076
24.040,6,1892.166
24.045,6,1893.207
24.050,6,1886.414
24.055,6,1884.177
24.060,6,1881.424
24.065,6,1878.792
24.070,6,1876.338
24.075,6,1874.045
24.080,6,1871.916
24.085,6,1869.947
24.090,6,1868.132
24.095,6,1866.469
24.100,6,1864.954
24.105,6,1863.582
24.110,6,1862.352
24.115,6,1861.260
24.120,6,1860.302
24.125,6,1859.474
24.130,6,1858.726
24.135,6,1851.601
24.140,6,1747.921
24.145,6,1850.764
24.150,6,1852.292
24.155,6,1852.615
24.160,6,1852.571
24.165,6,1852.713
24.170,6,1852.974
24.175,6,1853.346
24.180,6,1853.826
24.185,6,1855.172
24.190,6,1854.802
24.195,6,1855.857
24.200,6,1856.680
24.205,6,472.484
24.210,6,1569.601
24.215,6,1511.581
24.220,6,1447.510
24.225,6,1386.550
24.230,6,1323.358
24.235,6,1273.688
24.240,6,1221.314
24.245,6,1171.346
24.250,6,1123.864
24.255,6,1078.713
24.260,6,1035.779
24.265,6,994.953
24.270,6,956.136
24.275,6,919.228
24.280,6,884.139
24.285,6,850.778
24.290,6,819.063
24.295,6,788.912
24.300,6,760.250
24.305,6,733.002
24.310,6,707.101
24.315,6,682.480
24.320,6,659.075
24.325,6,636.830
24.330,6,615.687
24.335,6,595.607
24.340,6,576.568
24.345,6,558.463
24.350,6,541.255
24.355,6,524.810
24.360,6,509.168
24.365,6,494.491
24.370,6,480.477
24.375,6,467.077
24.380,6,454.561
24.385,6,442.664
24.390,6,431.946
24.395,6,424.558
24.400,6,408.114
24.405,6,420.247
24.410,6,397.403
24.415,6,392.663
24.420,6,385.756
24.425,6,378.571
24.430,6,370.762
24.435,6,363.485
24.440,6,356.472
24.445,6,349.927
24.450,6,343.649
24.455,6,338.717
24.460,6,331.195
24.465,6,327.459
24.470,6,320.772
24.475,6,317.508
24.480,6,312.354
24.485,6,307.802
24.490,6,303.704
24.495,6,299.787
24.500,6,296.065
24.505,6,292.540
24.510,6,289.188
24.515,6,286.000
24.520,6,282.968
24.525,6,3403.036
24.530,6,3403.112
24.535,6,3404.023
24.540,6,3405.296
24.545,6,3406.922
24.550,6,3408.912
24.555,6,3411.070
24.560,6,3413.580
24.565,6,3416.689
24.570,6,3420.301
24.575,6,3424.966
24.580,6,3429.359
24.585,6,3434.054
24.590,6,3439.644
24.595,6,3445.550
24.600,6,3451.919
24.605,6,3458.834
24.610,6,3466.336
24.615,6,3474.454
24.620,6,3483.231
24.625,6,3492.712
24.630,6,3502.945
24.635,6,3513.979
24.640,6,3525.855
24.645,6,3538.642
24.650,6,3552.285
24.655,6,3566.899
24.660,6,3582.658
24.665,6,3599.665
24.670,6,3617.194
24.675,6,3636.319
24.680,6,3655.750
24.685,6,3675.585
24.690,6,3317.768
24.695,6,3357.383
24.700,6,3399.895
24.705,6,2942.583
24.710,6,3470.911
24.715,6,4005.630
24.720,6,4082.014
24.725,6,4136.685
24.730,6,4200.023
24.735,6,4250.295
24.740,6,4295.044
24.745,6,4371.103
24.750,6,4401.851
24.755,6,3285.534
24.760,6,3255.559
24.765,6,3320.018
24.770,6,3400.007
24.775,6,3465.271
24.780,6,3467.187
24.785,6,3450.556
24.790,6,3430.922
24.795,6,3409.372
24.800,6,3387.136
24.805,6,3330.145
24.810,6,3320.352
24.815,6,3310.344
24.820,6,3302.007
24.825,6,2593.148
24.830,6,2481.184
24.835,6,2567.430
24.840,6,2575.552
24.845,6,2576.597
24.850,6,2746.787
24.855,6,2682.006
24.860,6,2621.679
24.865,6,2568.781
24.870,6,2576.779
24.875,6,2573.059
24.880,6,2570.691
24.885,6,2569.013
24.890,6,2503.289
24.895,6,2505.218
24.900,6,2507.053
24.905,6,2516.110
24.910,6,2518.502
24.915,6,2523.047
24.920,6,2520.242
24.925,6,2522.905
24.930,6,2522.596
24.935,6,2522.960
24.940,6,2523.261
24.945,6,2523.523
24.950,6,2523.750
24.955,6,2523.972
24.960,6,2524.024
24.965,6,2524.155
24.970,6,2524.255
24.975,6,2524.326
24.980,6,2524.432
24.985,6,2524.553
24.990,6,2524.656
24.995,6,2524.746
25.000,6,2524.823
25.005,6,2524.889
25.010,6,2524.943
25.015,6,2525.037
25.020,6,2525.121
25.025,6,2525.200
25.030,6,2525.132
25.035,6,2524.584
25.040,6,2525.318
25.045,6,1928.282
25.050,6,1828.949
25.055,6,1802.230
25.060,6,1777.597
25.065,6,1753.973
25.070,6,1731.543
25.075,6,1710.215
25.080,6,1689.973
25.085,6,1670.732
25.090,6,1652.424
25.095,6,1635.005
25.100,6,1618.431
25.105,6,1602.661
25.110,6,1587.656
25.115,6,1573.379
25.120,6,1559.823
25.125,6,1547.305
25.130,6,1534.694
25.135,6,1534.496
25.140,6,1546.149
25.145,6,1557.383
25.150,6,1568.143
25.155,6,1578.451
25.160,6,1588.332
25.165,6,1597.812
25.170,6,1605.936
25.175,6,1613.315
25.180,6,1621.528
25.185,6,1628.498
25.190,6,1634.948
25.195,6,1640.191
25.200,6,454.629
25.205,6,623.156
25.210,6,821.328
25.215,6,851.575
25.220,6,836.861
25.225,6,810.849
25.230,6,782.829
25.235,6,755.319
25.240,6,728.969
25.245,6,703.905
25.250,6,680.114
25.255,6,657.548
25.260,6,636.144
25.265,6,615.856
25.270,6,596.623
25.275,6,578.592
25.280,6,469.924
25.285,6,402.762
25.290,6,444.134
25.295,6,451.548
25.300,6,444.111
25.305,6,432.656
25.310,6,420.562
25.315,6,408.744
25.320,6,397.434
25.325,6,386.674
25.330,6,376.452
25.335,6,366.748
25.340,6,357.537
25.345,6,348.793
25.350,6,340.492
25.355,6,332.611
25.360,6,325.126
25.365,6,318.018
25.370,6,311.267
25.375,6,304.853
25.380,6,298.760
25.385,6,291.623
25.390,6,284.560
25.395,6,280.453
25.400,6,275.990
25.405,6,270.436
25.410,6,267.331
25.415,6,263.386
25.420,6,258.251
25.425,6,264.179
25.430,6,262.103
25.435,6,266.666
25.440,6,262.123
25.445,6,259.714
25.450,6,257.903
25.455,6,254.023
25.460,6,252.815
25.465,6,249.913
25.470,6,247.404
25.475,6,245.415
25.480,6,244.010
25.485,6,242.311
25.490,6,240.204
25.495,6,238.092
25.500,6,238.126
25.505,6,236.299
25.510,6,234.529
25.515,6,232.822
